Date,Note
2025-11-02,Hi! Laura
2025-11-01,Blah Blah Blah
2025-09-18,Wspaniały dzień !!!!
2025-09-18," Lorem ipsum dolor sit amet, consectetur adipiscing elit. Nullam sed consectetur elit, vel rhoncus metus. Curabitur sed lorem nec eros hendrerit ornare. Proin molestie elit non mauris finibus fringilla. Integer imperdiet metus mi, sit amet aliquam metus aliquet non. Nunc vel justo eu odio sollicitudin mattis a euismod augue. Integer eu porttitor augue. Nullam scelerisque, erat eu pulvinar venenatis, metus urna imperdiet ligula, ut fermentum turpis diam sit amet ligula.

Nullam in nisi sed neque viverra scelerisque non vitae purus. Fusce nec vehicula dui. Maecenas in feugiat ligula, sit amet cursus nisi. Quisque ultrices felis in elit hendrerit mollis. Suspendisse in ligula quis est cursus accumsan. Aliquam quis turpis ultrices, scelerisque ligula ac, rutrum tortor. Nam ac tellus massa. Nulla cursus felis sit amet luctus interdum. Nulla nec diam ac dui aliquam sollicitudin ut vel turpis. "
2025-09-18," Lorem ipsum dolor sit amet, consectetur adipiscing elit. Nullam sed consectetur elit, vel rhoncus metus. Curabitur sed lorem nec eros hendrerit ornare. Proin molestie elit non mauris finibus fringilla. Integer imperdiet metus mi, sit amet aliquam metus aliquet non. Nunc vel justo eu odio sollicitudin mattis a euismod augue. Integer eu porttitor augue. Nullam scelerisque, erat eu pulvinar venenatis, metus urna imperdiet ligula, ut fermentum turpis diam sit amet ligula.

Nullam in nisi sed neque viverra scelerisque non vitae purus. Fusce nec vehicula dui. Maecenas in feugiat ligula, sit amet cursus nisi. Quisque ultrices felis in elit hendrerit mollis. Suspendisse in ligula quis est cursus accumsan. Aliquam quis turpis ultrices, scelerisque ligula ac, rutrum tortor. Nam ac tellus massa. Nulla cursus felis sit amet luctus interdum. Nulla nec diam ac dui aliquam sollicitudin ut vel turpis. "
2025-09-18,33333
2025-09-18," Lorem ipsum dolor sit amet, consectetur adipiscing elit. Nullam sed consectetur elit, vel rhoncus metus. Curabitur sed lorem nec eros hendrerit ornare. Proin molestie elit non mauris finibus fringilla. Integer imperdiet metus mi, sit amet aliquam metus aliquet non. Nunc vel justo eu odio sollicitudin mattis a euismod augue. Integer eu porttitor augue. Nullam scelerisque, erat eu pulvinar venenatis, metus urna imperdiet ligula, ut fermentum turpis diam sit amet ligula.

Nullam in nisi sed neque viverra scelerisque non vitae purus. Fusce nec vehicula dui. Maecenas in feugiat ligula, sit amet cursus nisi. Quisque ultrices felis in elit hendrerit mollis. Suspendisse in ligula quis est cursus accumsan. Aliquam quis turpis ultrices, scelerisque ligula ac, rutrum tortor. Nam ac tellus massa. Nulla cursus felis sit amet luctus interdum. Nulla nec diam ac dui aliquam sollicitudin ut vel turpis. "
2025-09-16,Wspaniały dzień !
